{"cameraMode":{"drawMode":0,"name":"Shaded","section":"Shading Mode"},"sceneLighting":true,"audioPlay":false,"sceneViewState":{"m_AlwaysRefresh":false,"showFog":true,"showSkybox":true,"showFlares":true,"showImageEffects":true,"showParticleSystems":true,"showVisualEffectGraphs":true,"m_FxEnabled":true},"in2DMode":false,"pivot":{"x":13.35842514038086,"y":12.705739974975586,"z":-1.8997249603271485},"rotation":{"x":-0.0243065245449543,"y":0.009594669565558434,"z":-0.00023013772442936897,"w":-0.9996694326400757},"size":23.62615966796875,"orthographic":false}