{"cameraMode":{"drawMode":0,"name":"Shaded","section":"Shading Mode"},"sceneLighting":false,"audioPlay":false,"sceneViewState":{"m_AlwaysRefresh":false,"showFog":true,"showSkybox":false,"showFlares":true,"showImageEffects":true,"showParticleSystems":true,"showVisualEffectGraphs":true,"m_FxEnabled":true},"in2DMode":false,"pivot":{"x":0.31604552268981936,"y":0.2665081024169922,"z":0.010339915752410889},"rotation":{"x":-0.19676721096038819,"y":0.04909574240446091,"z":-0.009864293970167637,"w":-0.9791783094406128},"size":6.130456924438477,"orthographic":false}